{
 "A": {
  "cam0": [
   [
    0.12,
    0.15,
    [
     -1.2250321263845998,
     -0.221890027035554,
     1.936000108718872
    ]
   ],
   [
    0.5,
    0.15,
    [
     -0.6581860510566864,
     -0.10871722926705579,
     2.5410001277923584
    ]
   ],
   [
    0.88,
    0.15,
    [
     -0.1861982487424939,
     -0.006570617585362185,
     3.1620001792907715
    ]
   ],
   [
    0.12,
    0.5,
    [
     -1.2360597467013437,
     0.20310658363093853,
     1.8700001239776611
    ]
   ],
   [
    0.5,
    0.5,
    [
     -0.6839345715179331,
     0.3072887806293967,
     2.498000144958496
    ]
   ],
   [
    0.88,
    0.5,
    [
     -0.20598679327750086,
     0.4016660487985152,
     3.0950000286102295
    ]
   ],
   [
    0.12,
    0.85,
    [
     -1.2551978513249589,
     0.6247247998423169,
     1.8240001201629639
    ]
   ],
   [
    0.5,
    0.85,
    [
     -0.6953159988854107,
     0.7146447714408666,
     2.4200000762939453
    ]
   ],
   [
    0.88,
    0.85,
    [
     -0.22711768378537706,
     0.8044089594675562,
     3.0310001373291016
    ]
   ]
  ]
 },
 "B": {
  "cam0": [
   [
    0.12,
    0.15,
    [
     -0.1522469284625246,
     0.04919034105730176,
     3.2230000495910645
    ]
   ],
   [
    0.88,
    0.15,
    [
     1.534104582644316,
     -0.016307349847619692,
     2.2250001430511475
    ]
   ],
   [
    0.12,
    0.5,
    [
     -0.18892130933074855,
     0.4655120763022157,
     3.139000177383423
    ]
   ],
   [
    0.88,
    0.5,
    [
     1.530024346314083,
     0.4182957684462947,
     2.192000150680542
    ]
   ],
   [
    0.12,
    0.85,
    [
     -0.21199868307268865,
     0.8825167293362509,
     3.059000253677368
    ]
   ],
   [
    0.5,
    0.85,
    [
     0.8348845326250908,
     0.905015335383932,
     2.630000114440918
    ]
   ],
   [
    0.88,
    0.85,
    [
     1.5301404819736593,
     0.8590825269117242,
     2.1600000858306885
    ]
   ]
  ]
 }
}