{
 "A": {
  "cam0": [
   [
    0.12,
    0.15,
    [
     1.2404409470838427,
     -0.4415766763341826,
     2.016530990600586
    ]
   ],
   [
    0.5,
    0.15,
    [
     0.6825086265038002,
     -0.4205761099323274,
     2.5794436931610107
    ]
   ],
   [
    0.88,
    0.15,
    [
     0.2216801647135148,
     -0.42318200948896745,
     3.3022804260253906
    ]
   ],
   [
    0.12,
    0.5,
    [
     1.2451549610636774,
     -0.023191979386577737,
     2.02073335647583
    ]
   ],
   [
    0.5,
    0.5,
    [
     0.685960821345133,
     -0.014039399808545152,
     2.571204423904419
    ]
   ],
   [
    0.88,
    0.5,
    [
     0.22538091612966976,
     -0.006415280711578669,
     3.3041720390319824
    ]
   ],
   [
    0.12,
    0.85,
    [
     1.2418976332140061,
     0.37196335640011796,
     2.019932508468628
    ]
   ],
   [
    0.5,
    0.85,
    [
     0.687316309081622,
     0.38814346833918684,
     2.563422441482544
    ]
   ],
   [
    0.88,
    0.85,
    [
     0.22736034237295058,
     0.4083677920091947,
     3.274268865585327
    ]
   ]
  ],
  "cam1": []
 },
 "B": {
  "cam0": [],
  "cam1": [
   [
    0.12,
    0.15,
    [
     0.31244599682748475,
     -0.5744473284716765,
     2.8519699573516846
    ]
   ],
   [
    0.12,
    0.5,
    [
     0.37323915312906847,
     -0.015594675582767264,
     2.749907970428467
    ]
   ],
   [
    0.5,
    0.5,
    [
     -0.6626253585885846,
     0.676894849045149,
     2.361727237701416
    ]
   ],
   [
    0.88,
    0.5,
    [
     -0.6595776463832318,
     0.6759860266966068,
     2.3150436878204346
    ]
   ],
   [
    0.12,
    0.85,
    [
     0.298233835424388,
     0.4786153144277045,
     2.969592809677124
    ]
   ]
  ]
 }
}