{
 "A": {
  "cam0": [
   [
    0.12,
    0.15,
    [
     -0.43154599594746235,
     -1.0461332508536865,
     2.324779987335205
    ]
   ],
   [
    0.5,
    0.15,
    [
     -1.07482818441193,
     -0.7070571646318472,
     1.7546747922897339
    ]
   ],
   [
    0.12,
    0.5,
    [
     -0.4363327549275598,
     -0.6427944975974473,
     2.5795352458953857
    ]
   ],
   [
    0.5,
    0.5,
    [
     -1.082168637670422,
     -0.29340598434872434,
     2.0067594051361084
    ]
   ],
   [
    0.12,
    0.85,
    [
     -0.444398148116836,
     -0.2336366316169197,
     2.8398866653442383
    ]
   ],
   [
    0.5,
    0.85,
    [
     -1.083159934256853,
     0.11807950456494998,
     2.258152484893799
    ]
   ]
  ],
  "cam1": [
   [
    0.5,
    0.15,
    [
     1.0166820981340072,
     -0.5343281468954173,
     1.9858797788619995
    ]
   ],
   [
    0.88,
    0.15,
    [
     0.6063314168802109,
     -0.552870122040177,
     2.7794437408447266
    ]
   ],
   [
    0.5,
    0.5,
    [
     1.013782388635421,
     -0.05662689898224487,
     1.9975014925003052
    ]
   ],
   [
    0.88,
    0.5,
    [
     0.597840871481684,
     -0.06642296267165118,
     2.8061492443084717
    ]
   ],
   [
    0.5,
    0.85,
    [
     1.0082165003218269,
     0.4306417445928242,
     2.0147933959960938
    ]
   ],
   [
    0.88,
    0.85,
    [
     0.5881429406282229,
     0.43106204967625905,
     2.8185620307922363
    ]
   ]
  ]
 },
 "B": {
  "cam0": [
   [
    0.12,
    0.15,
    [
     -1.0915213663235994,
     -0.4672951523292001,
     1.8839672803878784
    ]
   ],
   [
    0.5,
    0.15,
    [
     -1.0119665164320377,
     -0.3137866375649929,
     2.071549654006958
    ]
   ],
   [
    0.88,
    0.15,
    [
     -1.0184926772997744,
     -0.21740128204341327,
     2.120974540710449
    ]
   ],
   [
    0.12,
    0.5,
    [
     -1.2106504288857087,
     -0.1309515658225174,
     1.989107370376587
    ]
   ],
   [
    0.5,
    0.5,
    [
     -1.0235556918733386,
     -0.20171278324930664,
     2.126391887664795
    ]
   ],
   [
    0.88,
    0.5,
    [
     -1.021384129278868,
     -0.20099844765104705,
     2.1257364749908447
    ]
   ],
   [
    0.12,
    0.85,
    [
     -1.3153146107082632,
     0.31222100918326356,
     2.1570117473602295
    ]
   ],
   [
    0.5,
    0.85,
    [
     -1.0259762920988555,
     -0.19096790637200567,
     2.13122296333313
    ]
   ],
   [
    0.88,
    0.85,
    [
     -1.0232928684667244,
     -0.19674633805614683,
     2.127856731414795
    ]
   ]
  ],
  "cam1": [
   [
    0.12,
    0.15,
    [
     0.6833584379017124,
     -0.6473414927263,
     2.6516454219818115
    ]
   ],
   [
    0.5,
    0.15,
    [
     -0.5288003607048196,
     -0.7173817310608442,
     2.2475876808166504
    ]
   ],
   [
    0.88,
    0.15,
    [
     -1.211452120004917,
     -0.6870895572379424,
     1.8810213804244995
    ]
   ],
   [
    0.12,
    0.5,
    [
     0.7321014847602785,
     -0.07910900160758116,
     2.5694923400878906
    ]
   ],
   [
    0.88,
    0.5,
    [
     -1.2567995547956745,
     -0.2765850865008554,
     1.8764749765396118
    ]
   ],
   [
    0.12,
    0.85,
    [
     0.7301079289378728,
     0.4976357138178366,
     2.5702271461486816
    ]
   ],
   [
    0.88,
    0.85,
    [
     -1.2170143907739321,
     0.6506004886948885,
     1.9458321332931519
    ]
   ]
  ]
 }
}