{
  "walls": {
    "A": {
      "display": 1,
      "grid": {
        "rows": 2,
        "cols": 3
      },
      "plane": {
        "origin": [
          1.5690646228195004,
          -0.7372295981733642,
          0.9198399072601692
        ],
        "u_vec": [
          -1.0933032965799458,
          -0.024489240132220345,
          2.1105090777079263
        ],
        "v_vec": [
          -0.019038624331549535,
          1.3920729022890563,
          0.04859421934400216
        ]
      }
    },
    "B": {
      "display": 2,
      "grid": {
        "rows": 2,
        "cols": 3
      },
      "plane": {
        "origin": [
          0.7766998620038845,
          -1.1137115198608272,
          3.1715021980009497
        ],
        "u_vec": [
          -2.3906714731110843,
          0.08306642279612748,
          -1.235267044731279
        ],
        "v_vec": [
          -0.025748840146861705,
          1.8827128478195785,
          0.06572138638592534
        ]
      }
    }
  },
  "adjacency": [
    {
      "left": "A",
      "right": "B",
      "seam_margin": 0.06
    }
  ],
  "cameras": {
    "cam0": {
      "device": "072843433747",
      "serves": [],
      "kind": "kinect_v2",
      "intrinsics": {
        "fx": 366.535888671875,
        "fy": 366.535888671875,
        "cx": 259.627197265625,
        "cy": 213.54339599609375,
        "width": 512,
        "height": 424
      },
      "extrinsic": {
        "matrix": [
          [
            1.0,
            0.0,
            0.0,
            0.0
          ],
          [
            0.0,
            1.0,
            0.0,
            0.0
          ],
          [
            0.0,
            0.0,
            1.0,
            0.0
          ],
          [
            0.0,
            0.0,
            0.0,
            1.0
          ]
        ]
      }
    },
    "cam1": {
      "device": "010289152747",
      "serves": [
        "A",
        "B"
      ],
      "kind": "kinect_v2",
      "intrinsics": {
        "fx": 365.0255126953125,
        "fy": 365.0255126953125,
        "cx": 260.11468505859375,
        "cy": 202.7039031982422,
        "width": 512,
        "height": 424
      },
      "extrinsic": {
        "matrix": [
          [
            1.0,
            0.0,
            0.0,
            0.0
          ],
          [
            0.0,
            1.0,
            0.0,
            0.0
          ],
          [
            0.0,
            0.0,
            1.0,
            0.0
          ],
          [
            0.0,
            0.0,
            0.0,
            1.0
          ]
        ]
      }
    }
  },
  "calibration": {},
  "fusion": {
    "mode": "highest_confidence",
    "merge_radius": 0.8,
    "track_max_age": 0.5
  },
  "server": {
    "ws_port": 8770,
    "http_port": 8000,
    "fps": 30,
    "num_poses": 2,
    "mirror": true,
    "min_confidence": 0.3,
    "model": "models/pose_landmarker_full.task",
    "pointing": "shoulder_hand"
  }
}
