{
  "walls": {
    "A": {
      "display": 1,
      "grid": {
        "rows": 2,
        "cols": 3
      },
      "plane": {
        "origin": [
          1.3842117220209214,
          -0.6177708771391743,
          1.799180657642527
        ],
        "u_vec": [
          -1.4349970984073555,
          0.033641873811715725,
          1.7971231320888688
        ],
        "v_vec": [
          0.005687879222581691,
          1.1684806726209414,
          -0.01934823535737572
        ]
      }
    },
    "B": {
      "display": 2,
      "grid": {
        "rows": 2,
        "cols": 3
      },
      "plane": {
        "origin": [
          0.3935109421483754,
          -0.858846442863607,
          2.8823699141233163
        ],
        "u_vec": [
          -1.797968903065795,
          1.3484475652804153,
          -1.0949872087370252
        ],
        "v_vec": [
          -0.02030308771870922,
          1.504375204141972,
          0.16803264617920027
        ]
      }
    }
  },
  "adjacency": [
    {
      "left": "A",
      "right": "B",
      "seam_margin": 0.06
    }
  ],
  "cameras": {
    "cam0": {
      "device": "072843433747",
      "serves": [
        "A"
      ],
      "kind": "kinect_v2",
      "intrinsics": {
        "fx": 366.535888671875,
        "fy": 366.535888671875,
        "cx": 259.627197265625,
        "cy": 213.54339599609375,
        "width": 512,
        "height": 424
      },
      "extrinsic": {
        "matrix": [
          [
            1.0,
            0.0,
            0.0,
            0.0
          ],
          [
            0.0,
            1.0,
            0.0,
            0.0
          ],
          [
            0.0,
            0.0,
            1.0,
            0.0
          ],
          [
            0.0,
            0.0,
            0.0,
            1.0
          ]
        ]
      }
    },
    "cam1": {
      "device": "010289152747",
      "serves": [
        "B"
      ],
      "kind": "kinect_v2",
      "intrinsics": {
        "fx": 365.0255126953125,
        "fy": 365.0255126953125,
        "cx": 260.11468505859375,
        "cy": 202.7039031982422,
        "width": 512,
        "height": 424
      },
      "extrinsic": {
        "matrix": [
          [
            1.0,
            0.0,
            0.0,
            0.0
          ],
          [
            0.0,
            1.0,
            0.0,
            0.0
          ],
          [
            0.0,
            0.0,
            1.0,
            0.0
          ],
          [
            0.0,
            0.0,
            0.0,
            1.0
          ]
        ]
      }
    }
  },
  "calibration": {},
  "fusion": {
    "mode": "highest_confidence",
    "merge_radius": 0.8,
    "track_max_age": 0.5,
    "cross_camera": false
  },
  "server": {
    "ws_port": 8770,
    "http_port": 8000,
    "fps": 30,
    "num_poses": 2,
    "mirror": true,
    "min_confidence": 0.3,
    "model": "models/pose_landmarker_full.task",
    "pointing": "shoulder_hand"
  }
}
