{
  "walls": {
    "A": {
      "display": 1,
      "grid": {
        "rows": 2,
        "cols": 3
      },
      "plane": {
        "origin": [
          -1.361512654921044,
          -0.4187976746125708,
          1.7708071550928555
        ],
        "u_vec": [
          1.4748913464211744,
          0.2826750590669864,
          1.7420649606812628
        ],
        "v_vec": [
          -0.05153100371998418,
          1.1814078117327196,
          -0.17333337238856783
        ]
      }
    },
    "B": {
      "display": 2,
      "grid": {
        "rows": 2,
        "cols": 3
      },
      "plane": {
        "origin": [
          0.06786270749592185,
          -0.045977609196510075,
          3.5349229274002982
        ],
        "u_vec": [
          1.9180359664106608,
          -0.19042000514196739,
          -1.5921300993313503
        ],
        "v_vec": [
          -0.05371108109334752,
          1.2313886049085832,
          -0.1806664366783001
        ]
      }
    }
  },
  "adjacency": [
    {
      "left": "A",
      "right": "B",
      "seam_margin": 0.06
    }
  ],
  "cameras": {
    "cam0": {
      "device": "CP0E8530002Y",
      "serves": [
        "A",
        "B"
      ],
      "kind": "gemini_335",
      "intrinsics": {
        "fx": 692.0621337890625,
        "fy": 692.3007202148438,
        "cx": 645.7052612304688,
        "cy": 366.31549072265625,
        "width": 1280,
        "height": 720
      },
      "extrinsic": {
        "matrix": [
          [
            1.0,
            0.0,
            0.0,
            0.0
          ],
          [
            0.0,
            1.0,
            0.0,
            0.0
          ],
          [
            0.0,
            0.0,
            1.0,
            0.0
          ],
          [
            0.0,
            0.0,
            0.0,
            1.0
          ]
        ]
      }
    }
  },
  "calibration": {},
  "fusion": {
    "mode": "highest_confidence",
    "merge_radius": 0.5,
    "track_max_age": 0.5,
    "cross_camera": true
  },
  "server": {
    "ws_port": 8770,
    "http_port": 8000,
    "fps": 30,
    "num_poses": 2,
    "mirror": true,
    "min_confidence": 0.3,
    "model": "models/pose_landmarker_full.task",
    "pointing": "shoulder_hand"
  }
}
